Applicant ID,Income,Credit Score,Loan Amount,Interest Rate,Applicant Type,Outcome,Recoveries,Action,Bank_reward,Applicant_reward,Regulatory_reward
1,65000.0,665.0,15000.0,0.1199,1,Fully Repaid,0.0,Grant,0,0,0
2,60000.0,720.0,15000.0,0.098,0,Fully Repaid,0.0,Grant,0,0,0
3,110000.0,665.0,6025.0,0.1485,1,Fully Repaid,0.0,Grant,0,0,0
4,81000.0,700.0,21000.0,0.10779999999999999,0,Fully Repaid,0.0,Grant,0,0,0
5,65000.0,700.0,26250.0,0.1399,0,Fully Repaid,0.0,Grant,0,0,0
6,80000.0,710.0,8400.0,0.1148,0,Fully Repaid,0.0,Grant,0,0,0
7,80000.0,700.0,14000.0,0.1989,0,Fully Repaid,0.0,Grant,0,0,0
8,60000.0,715.0,20550.0,0.1659,0,Fully Repaid,0.0,Grant,0,0,0
9,74967.0,685.0,5000.0,0.0917,0,Fully Repaid,0.0,Grant,0,0,0
10,112000.0,800.0,18000.0,0.1199,0,Fully Repaid,0.0,Grant,0,0,0
11,86000.0,685.0,21600.0,0.1485,0,Fully Repaid,0.0,Grant,0,0,0
12,111000.0,660.0,23850.0,0.1344,1,Fully Repaid,0.0,Grant,0,0,0
13,160000.0,675.0,23950.0,0.1797,0,Not Repaid,3595.36,Grant,0,0,0
14,80000.0,695.0,14375.0,0.1989,0,Fully Repaid,0.0,Grant,0,0,0
15,104000.0,690.0,33600.0,0.10779999999999999,0,Fully Repaid,0.0,Grant,0,0,0
16,125000.0,750.0,21000.0,0.098,0,Not Repaid,0.0,Grant,0,0,0
17,137000.0,665.0,20000.0,0.18489999999999998,1,Fully Repaid,0.0,Grant,0,0,0
18,150000.0,795.0,9000.0,0.053200000000000004,0,Fully Repaid,0.0,Grant,0,0,0
19,39600.0,705.0,4500.0,0.098,0,Fully Repaid,0.0,Grant,0,0,0
20,41000.0,670.0,7000.0,0.1148,0,Fully Repaid,0.0,Grant,0,0,0
21,175000.0,690.0,12600.0,0.1485,0,Fully Repaid,0.0,Grant,0,0,0
22,89000.0,660.0,15000.0,0.1288,1,Not Repaid,1315.29,Grant,0,0,0
23,75000.0,660.0,8775.0,0.2245,1,Fully Repaid,0.0,Grant,0,0,0
24,75000.0,685.0,35000.0,0.1399,0,Fully Repaid,0.0,Grant,0,0,0
25,220000.0,710.0,10000.0,0.0699,0,Fully Repaid,0.0,Grant,0,0,0
26,60000.0,730.0,5000.0,0.053200000000000004,0,Fully Repaid,0.0,Grant,0,0,0
27,205000.0,710.0,35000.0,0.098,0,Fully Repaid,0.0,Grant,0,0,0
28,100000.0,760.0,20000.0,0.0699,0,Fully Repaid,0.0,Grant,0,0,0
29,250000.0,680.0,6000.0,0.0791,0,Fully Repaid,0.0,Grant,0,0,0
30,92000.0,680.0,15000.0,0.098,0,Fully Repaid,0.0,Grant,0,0,0
31,58800.0,665.0,15975.0,0.1659,1,Fully Repaid,0.0,Grant,0,0,0
32,154000.0,730.0,15000.0,0.1288,0,Fully Repaid,0.0,Grant,0,0,0
33,50000.0,775.0,25000.0,0.1344,0,Fully Repaid,0.0,Grant,0,0,0
34,100000.0,675.0,10000.0,0.1288,0,Fully Repaid,0.0,Grant,0,0,0
35,116300.0,725.0,14450.0,0.1148,0,Fully Repaid,0.0,Grant,0,0,0
36,60300.0,670.0,21700.0,0.2245,0,Fully Repaid,0.0,Grant,0,0,0
37,50000.0,680.0,8000.0,0.1399,0,Fully Repaid,0.0,Grant,0,0,0
38,165000.0,660.0,24000.0,0.18489999999999998,1,Fully Repaid,0.0,Grant,0,0,0
39,73320.0,660.0,14400.0,0.1948,1,Not Repaid,1054.97,Grant,0,0,0
40,118450.0,695.0,25000.0,0.1485,0,Fully Repaid,0.0,Grant,0,0,0
41,62000.0,720.0,3600.0,0.07490000000000001,0,Fully Repaid,0.0,Grant,0,0,0
42,55000.0,675.0,8650.0,0.1989,0,Fully Repaid,0.0,Grant,0,0,0
43,37000.0,675.0,11200.0,0.1199,0,Not Repaid,1019.47,Grant,0,0,0
44,52000.0,670.0,8300.0,0.0791,0,Fully Repaid,0.0,Grant,0,0,0
45,140000.0,845.0,2000.0,0.0849,0,Fully Repaid,0.0,Grant,0,0,0
46,65000.0,715.0,24700.0,0.1199,0,Fully Repaid,0.0,Grant,0,0,0
47,143000.0,695.0,12000.0,0.1577,0,Fully Repaid,0.0,Grant,0,0,0
48,68000.0,675.0,25825.0,0.2606,0,Not Repaid,912.41,Grant,0,0,0
49,240000.0,660.0,6600.0,0.1948,1,Fully Repaid,0.0,Grant,0,0,0
50,80000.0,740.0,8000.0,0.0699,0,Fully Repaid,0.0,Grant,0,0,0
51,35000.0,660.0,3225.0,0.205,1,Not Repaid,0.0,Grant,0,0,0
52,90000.0,710.0,21000.0,0.1659,0,Not Repaid,2996.27,Grant,0,0,0
53,110000.0,660.0,23100.0,0.205,1,Not Repaid,2278.59,Grant,0,0,0
54,30000.0,715.0,10000.0,0.1659,0,Fully Repaid,0.0,Grant,0,0,0
55,95000.0,740.0,20000.0,0.0649,0,Fully Repaid,0.0,Grant,0,0,0
56,18300.0,695.0,2150.0,0.1727,1,Not Repaid,190.94,Grant,0,0,0
57,120000.0,715.0,21600.0,0.0699,0,Fully Repaid,0.0,Grant,0,0,0
58,35179.0,705.0,15000.0,0.098,0,Not Repaid,0.0,Grant,0,0,0
59,68000.0,685.0,14950.0,0.18989999999999999,0,Fully Repaid,0.0,Grant,0,0,0
60,128000.0,685.0,10000.0,0.1577,0,Not Repaid,903.8,Grant,0,0,0
61,82000.0,820.0,28000.0,0.1199,0,Fully Repaid,0.0,Grant,0,0,0
62,70000.0,725.0,31075.0,0.07490000000000001,0,Fully Repaid,0.0,Grant,0,0,0
63,40000.0,660.0,13000.0,0.1659,1,Not Repaid,727.7,Grant,0,0,0
64,50400.0,665.0,2500.0,0.1199,1,Fully Repaid,0.0,Grant,0,0,0
65,135000.0,705.0,25000.0,0.1148,0,Fully Repaid,0.0,Grant,0,0,0
66,50000.0,715.0,8000.0,0.053200000000000004,0,Fully Repaid,0.0,Grant,0,0,0
67,63000.0,670.0,16000.0,0.10779999999999999,0,Not Repaid,1278.31,Grant,0,0,0
68,70000.0,685.0,23975.0,0.1989,0,Not Repaid,0.0,Grant,0,0,0
69,110000.0,670.0,15000.0,0.0849,0,Fully Repaid,0.0,Grant,0,0,0
70,82000.0,730.0,21000.0,0.1199,0,Fully Repaid,0.0,Grant,0,0,0
71,85140.0,710.0,6000.0,0.098,0,Fully Repaid,0.0,Grant,0,0,0
72,43500.0,700.0,8000.0,0.1288,0,Not Repaid,710.94,Grant,0,0,0
73,50000.0,770.0,11925.0,0.0849,0,Fully Repaid,0.0,Grant,0,0,0
74,104433.0,695.0,10400.0,0.2245,0,Fully Repaid,0.0,Grant,0,0,0
75,55000.0,660.0,3600.0,0.1199,1,Not Repaid,0.0,Grant,0,0,0
76,111000.0,700.0,30800.0,0.1797,0,Fully Repaid,0.0,Grant,0,0,0
77,148000.0,735.0,35000.0,0.1199,0,Fully Repaid,0.0,Grant,0,0,0
78,109000.0,680.0,16000.0,0.1797,0,Fully Repaid,0.0,Grant,0,0,0
79,75000.0,770.0,10000.0,0.053200000000000004,0,Fully Repaid,0.0,Grant,0,0,0
80,75000.0,660.0,24250.0,0.24239999999999998,1,Not Repaid,0.0,Grant,0,0,0
81,50000.0,665.0,12000.0,0.18989999999999999,1,Not Repaid,1188.95,Grant,0,0,0
82,50000.0,785.0,6000.0,0.0791,0,Fully Repaid,0.0,Grant,0,0,0
83,58000.0,730.0,8000.0,0.0849,0,Fully Repaid,0.0,Grant,0,0,0
84,55702.0,675.0,27850.0,0.24239999999999998,0,Fully Repaid,0.0,Grant,0,0,0
85,60000.0,715.0,10000.0,0.1288,0,Fully Repaid,0.0,Grant,0,0,0
86,70000.0,690.0,30000.0,0.1399,0,Not Repaid,2888.32,Grant,0,0,0
87,50000.0,690.0,1800.0,0.07490000000000001,0,Fully Repaid,0.0,Grant,0,0,0
88,150000.0,725.0,3600.0,0.0699,0,Fully Repaid,0.0,Grant,0,0,0
89,65000.0,730.0,20000.0,0.1288,0,Not Repaid,1776.11,Grant,0,0,0
90,202000.0,730.0,30000.0,0.0699,0,Fully Repaid,0.0,Grant,0,0,0
91,120000.0,700.0,35000.0,0.205,0,Fully Repaid,0.0,Grant,0,0,0
92,150000.0,685.0,20000.0,0.1577,0,Fully Repaid,0.0,Grant,0,0,0
93,95000.0,765.0,24800.0,0.0791,0,Fully Repaid,0.0,Grant,0,0,0
94,124000.0,670.0,20000.0,0.1727,0,Not Repaid,1912.13,Grant,0,0,0
95,112000.0,670.0,30000.0,0.1485,0,Fully Repaid,0.0,Grant,0,0,0
96,113000.0,690.0,10000.0,0.1288,0,Fully Repaid,0.0,Grant,0,0,0
97,15000.0,685.0,7500.0,0.1797,1,Fully Repaid,0.0,Grant,0,0,0
98,43500.0,685.0,2000.0,0.1344,0,Fully Repaid,0.0,Grant,0,0,0
99,28000.0,695.0,9500.0,0.1577,1,Fully Repaid,0.0,Grant,0,0,0
100,91500.0,660.0,5600.0,0.098,1,Fully Repaid,0.0,Grant,0,0,0
101,72000.0,755.0,1800.0,0.0917,0,Fully Repaid,0.0,Grant,0,0,0
102,52000.0,680.0,17000.0,0.0649,0,Fully Repaid,0.0,Grant,0,0,0
103,55000.0,700.0,18850.0,0.2148,0,Not Repaid,0.0,Grant,0,0,0
104,65000.0,660.0,18200.0,0.1577,1,Not Repaid,1749.94,Grant,0,0,0
105,50000.0,675.0,7200.0,0.0917,0,Fully Repaid,0.0,Grant,0,0,0
106,36000.0,675.0,8675.0,0.1989,0,Fully Repaid,0.0,Grant,0,0,0
107,195000.0,700.0,27500.0,0.1485,0,Fully Repaid,0.0,Grant,0,0,0
108,150000.0,740.0,13200.0,0.053200000000000004,0,Fully Repaid,0.0,Grant,0,0,0
109,85000.0,680.0,12000.0,0.10779999999999999,0,Fully Repaid,0.0,Grant,0,0,0
110,48000.0,670.0,15000.0,0.1399,0,Not Repaid,722.98,Grant,0,0,0
111,60000.0,675.0,5000.0,0.1199,0,Not Repaid,0.0,Grant,0,0,0
112,85400.0,705.0,16800.0,0.0849,0,Fully Repaid,0.0,Grant,0,0,0
113,27500.0,680.0,13750.0,0.1659,1,Fully Repaid,0.0,Grant,0,0,0
114,80000.0,730.0,10000.0,0.053200000000000004,0,Fully Repaid,0.0,Grant,0,0,0
115,113000.0,665.0,19200.0,0.18989999999999999,1,Not Repaid,1770.8,Grant,0,0,0
116,110000.0,660.0,10500.0,0.1399,1,Fully Repaid,0.0,Grant,0,0,0
117,100000.0,680.0,20000.0,0.1659,0,Fully Repaid,0.0,Grant,0,0,0
118,43435.0,680.0,24000.0,0.23129999999999998,0,Fully Repaid,0.0,Grant,0,0,0
119,50000.0,805.0,15000.0,0.1288,0,Fully Repaid,0.0,Grant,0,0,0
120,110000.0,670.0,20000.0,0.1288,0,Not Repaid,1862.71,Grant,0,0,0
121,65000.0,735.0,14000.0,0.0699,0,Fully Repaid,0.0,Grant,0,0,0
122,24897.72,720.0,12425.0,0.18989999999999999,1,Fully Repaid,0.0,Grant,0,0,0
123,53000.0,695.0,6400.0,0.0917,0,Fully Repaid,0.0,Grant,0,0,0
124,200000.0,710.0,15000.0,0.10779999999999999,0,Partially Repaid,6653.0,Grant,0,0,0
125,58000.0,745.0,15175.0,0.1727,0,Not Repaid,0.0,Grant,0,0,0
126,109000.0,745.0,25000.0,0.07490000000000001,0,Fully Repaid,0.0,Grant,0,0,0
127,95750.0,685.0,20000.0,0.0917,0,Not Repaid,1542.53,Grant,0,0,0
128,75000.0,725.0,20400.0,0.18489999999999998,0,Fully Repaid,0.0,Grant,0,0,0
129,85000.0,755.0,11000.0,0.0649,0,Fully Repaid,0.0,Grant,0,0,0
130,45000.0,675.0,13200.0,0.1288,0,Fully Repaid,0.0,Grant,0,0,0
131,55000.0,735.0,18700.0,0.1399,0,Fully Repaid,0.0,Grant,0,0,0
132,56000.0,770.0,4850.0,0.07490000000000001,0,Fully Repaid,0.0,Grant,0,0,0
133,60000.0,675.0,20800.0,0.18989999999999999,0,Fully Repaid,0.0,Grant,0,0,0
134,45000.0,765.0,3000.0,0.1148,0,Fully Repaid,0.0,Grant,0,0,0
135,50000.0,675.0,15750.0,0.1659,0,Fully Repaid,0.0,Grant,0,0,0
136,65000.0,690.0,5000.0,0.1199,0,Not Repaid,395.16,Grant,0,0,0
137,65000.0,660.0,27300.0,0.1727,1,Not Repaid,0.0,Grant,0,0,0
138,37231.0,665.0,14875.0,0.18489999999999998,1,Not Repaid,1415.92,Grant,0,0,0
139,64400.0,730.0,6075.0,0.0917,0,Fully Repaid,0.0,Grant,0,0,0
140,52000.0,705.0,16000.0,0.1399,0,Not Repaid,0.0,Grant,0,0,0
141,105000.0,690.0,35000.0,0.0917,0,Fully Repaid,0.0,Grant,0,0,0
142,90000.0,680.0,15000.0,0.1148,0,Fully Repaid,0.0,Grant,0,0,0
143,75000.0,705.0,5000.0,0.10779999999999999,0,Fully Repaid,0.0,Grant,0,0,0
144,69998.0,660.0,15200.0,0.1399,1,Not Repaid,562.25,Grant,0,0,0
145,88000.0,780.0,17600.0,0.053200000000000004,0,Fully Repaid,0.0,Grant,0,0,0
146,89000.0,760.0,15000.0,0.098,0,Fully Repaid,0.0,Grant,0,0,0
147,53750.0,700.0,12000.0,0.053200000000000004,0,Fully Repaid,0.0,Grant,0,0,0
148,56000.0,665.0,4575.0,0.1727,1,Not Repaid,0.0,Grant,0,0,0
149,65000.0,810.0,31800.0,0.1659,0,Fully Repaid,0.0,Grant,0,0,0
150,70000.0,730.0,10000.0,0.0699,0,Fully Repaid,0.0,Grant,0,0,0
151,98000.0,675.0,20000.0,0.0849,0,Fully Repaid,0.0,Grant,0,0,0
152,100000.0,730.0,21000.0,0.10779999999999999,0,Fully Repaid,0.0,Grant,0,0,0
153,36500.0,805.0,12000.0,0.098,0,Fully Repaid,0.0,Grant,0,0,0
154,180000.0,680.0,20000.0,0.0917,0,Fully Repaid,0.0,Grant,0,0,0
155,26679.38,710.0,12250.0,0.1485,1,Not Repaid,0.0,Grant,0,0,0
156,28000.0,690.0,11750.0,0.2849,1,Not Repaid,1151.95,Grant,0,0,0
157,117000.0,675.0,35000.0,0.24239999999999998,0,Fully Repaid,0.0,Grant,0,0,0
158,54000.0,680.0,6400.0,0.1344,0,Not Repaid,504.11,Grant,0,0,0
159,47000.0,685.0,10500.0,0.18489999999999998,0,Not Repaid,205.56,Grant,0,0,0
160,55000.0,690.0,9525.0,0.1399,0,Not Repaid,736.85,Grant,0,0,0
161,55000.0,730.0,11000.0,0.18989999999999999,0,Fully Repaid,0.0,Grant,0,0,0
162,72500.0,745.0,12000.0,0.053200000000000004,0,Fully Repaid,0.0,Grant,0,0,0
163,39000.0,675.0,14025.0,0.18489999999999998,0,Fully Repaid,0.0,Grant,0,0,0
164,80000.0,665.0,5400.0,0.098,1,Not Repaid,358.09,Grant,0,0,0
165,20000.0,705.0,7200.0,0.1727,1,Not Repaid,723.81,Grant,0,0,0
166,175000.0,725.0,30000.0,0.1577,0,Fully Repaid,0.0,Grant,0,0,0
167,120000.0,780.0,6000.0,0.053200000000000004,0,Fully Repaid,0.0,Grant,0,0,0
168,180000.0,660.0,20000.0,0.1797,1,Fully Repaid,0.0,Grant,0,0,0
169,105000.0,690.0,14000.0,0.10779999999999999,0,Fully Repaid,0.0,Grant,0,0,0
170,123000.0,680.0,10800.0,0.1148,0,Fully Repaid,0.0,Grant,0,0,0
171,70000.0,680.0,20000.0,0.1577,0,Fully Repaid,0.0,Grant,0,0,0
172,115000.0,675.0,30000.0,0.2749,0,Not Repaid,2956.2,Grant,0,0,0
173,35000.0,700.0,12000.0,0.1399,0,Not Repaid,0.0,Grant,0,0,0
174,49000.0,755.0,9000.0,0.053200000000000004,0,Fully Repaid,0.0,Grant,0,0,0
175,45000.0,685.0,10000.0,0.1199,0,Fully Repaid,0.0,Grant,0,0,0
176,81000.0,660.0,9000.0,0.098,1,Fully Repaid,0.0,Grant,0,0,0
177,42500.0,670.0,7200.0,0.0791,0,Fully Repaid,0.0,Grant,0,0,0
178,96000.0,725.0,16000.0,0.053200000000000004,0,Fully Repaid,0.0,Grant,0,0,0
179,66548.0,685.0,26825.0,0.18989999999999999,0,Fully Repaid,0.0,Grant,0,0,0
180,85005.0,690.0,19850.0,0.10779999999999999,0,Fully Repaid,0.0,Grant,0,0,0
181,93000.0,715.0,28000.0,0.2245,0,Fully Repaid,0.0,Grant,0,0,0
182,36500.0,670.0,18250.0,0.1989,0,Not Repaid,2047.92,Grant,0,0,0
183,53867.0,675.0,22600.0,0.1577,0,Fully Repaid,0.0,Grant,0,0,0
184,120000.0,725.0,24000.0,0.053200000000000004,0,Fully Repaid,0.0,Grant,0,0,0
185,50720.0,665.0,4175.0,0.1288,1,Fully Repaid,0.0,Grant,0,0,0
186,70000.0,680.0,20000.0,0.1399,0,Partially Repaid,9915.0,Grant,0,0,0
187,77700.0,685.0,20500.0,0.0849,0,Fully Repaid,0.0,Grant,0,0,0
188,76000.0,725.0,16500.0,0.1199,0,Fully Repaid,0.0,Grant,0,0,0
189,37000.0,720.0,5500.0,0.1199,0,Fully Repaid,0.0,Grant,0,0,0
190,130000.0,720.0,5000.0,0.053200000000000004,0,Fully Repaid,0.0,Grant,0,0,0
191,103000.0,680.0,15000.0,0.1199,0,Not Repaid,0.0,Grant,0,0,0
192,30000.0,680.0,1000.0,0.1399,0,Not Repaid,0.0,Grant,0,0,0
193,115000.0,715.0,10000.0,0.0699,0,Fully Repaid,0.0,Grant,0,0,0
194,45000.0,780.0,12000.0,0.053200000000000004,0,Fully Repaid,0.0,Grant,0,0,0
195,121000.0,680.0,35000.0,0.1399,0,Fully Repaid,0.0,Grant,0,0,0
196,135000.0,685.0,20000.0,0.1659,0,Not Repaid,2192.67,Grant,0,0,0
197,60000.0,665.0,20000.0,0.0917,1,Fully Repaid,0.0,Grant,0,0,0
198,74000.0,675.0,16775.0,0.1989,0,Fully Repaid,0.0,Grant,0,0,0
199,42000.0,670.0,16000.0,0.1344,0,Not Repaid,0.0,Grant,0,0,0
200,42000.0,745.0,6000.0,0.053200000000000004,0,Fully Repaid,0.0,Grant,0,0,0
201,75000.0,675.0,21000.0,0.1344,0,Not Repaid,1846.42,Grant,0,0,0
202,85000.0,705.0,20000.0,0.0849,0,Fully Repaid,0.0,Grant,0,0,0
203,92000.0,670.0,5000.0,0.098,0,Not Repaid,411.43,Grant,0,0,0
204,33130.0,665.0,8000.0,0.1797,1,Not Repaid,611.63,Grant,0,0,0
205,40000.0,665.0,12000.0,0.10779999999999999,1,Fully Repaid,0.0,Grant,0,0,0
206,89000.0,755.0,35000.0,0.10779999999999999,0,Fully Repaid,0.0,Grant,0,0,0
207,56035.0,685.0,21275.0,0.1485,0,Fully Repaid,0.0,Grant,0,0,0
208,55000.0,760.0,10000.0,0.1148,0,Fully Repaid,0.0,Grant,0,0,0
209,43000.0,680.0,6000.0,0.053200000000000004,0,Fully Repaid,0.0,Grant,0,0,0
210,61983.0,690.0,13600.0,0.1148,0,Fully Repaid,0.0,Grant,0,0,0
211,50500.0,780.0,15000.0,0.0849,0,Fully Repaid,0.0,Grant,0,0,0
212,60000.0,690.0,2250.0,0.0849,0,Fully Repaid,0.0,Grant,0,0,0
213,91000.0,665.0,16000.0,0.1288,1,Not Repaid,0.0,Grant,0,0,0
214,60000.0,735.0,7200.0,0.0917,0,Fully Repaid,0.0,Grant,0,0,0
215,48000.0,660.0,5600.0,0.0917,1,Fully Repaid,0.0,Grant,0,0,0
216,93000.0,680.0,5000.0,0.0791,0,Fully Repaid,0.0,Grant,0,0,0
217,48000.0,720.0,14800.0,0.1577,0,Not Repaid,1232.46,Grant,0,0,0
218,90000.0,685.0,10000.0,0.1344,0,Fully Repaid,0.0,Grant,0,0,0
219,48000.0,660.0,18000.0,0.1485,1,Not Repaid,3392.11,Grant,0,0,0
220,96000.0,765.0,20000.0,0.098,0,Fully Repaid,0.0,Grant,0,0,0
221,130000.0,710.0,35000.0,0.1199,0,Fully Repaid,0.0,Grant,0,0,0
222,75000.0,665.0,19000.0,0.1485,1,Fully Repaid,0.0,Grant,0,0,0
223,50000.0,740.0,5600.0,0.1344,0,Not Repaid,487.57,Grant,0,0,0
224,35000.0,665.0,4000.0,0.1659,1,Not Repaid,336.33,Grant,0,0,0
225,113000.0,670.0,5000.0,0.0917,0,Fully Repaid,0.0,Grant,0,0,0
226,51000.0,705.0,6000.0,0.1199,0,Fully Repaid,0.0,Grant,0,0,0
227,65000.0,715.0,29900.0,0.1288,0,Fully Repaid,0.0,Grant,0,0,0
228,65000.0,680.0,16000.0,0.18489999999999998,0,Fully Repaid,0.0,Grant,0,0,0
229,64000.0,700.0,1400.0,0.1288,0,Fully Repaid,0.0,Grant,0,0,0
230,49000.0,795.0,6000.0,0.0791,0,Fully Repaid,0.0,Grant,0,0,0
231,210000.0,665.0,6000.0,0.1399,1,Fully Repaid,0.0,Grant,0,0,0
232,94000.0,670.0,15000.0,0.1288,0,Fully Repaid,0.0,Grant,0,0,0
233,75000.0,725.0,20000.0,0.098,0,Fully Repaid,0.0,Grant,0,0,0
234,49000.0,665.0,3200.0,0.10779999999999999,1,Fully Repaid,0.0,Grant,0,0,0
235,77213.0,670.0,15000.0,0.1344,0,Fully Repaid,0.0,Grant,0,0,0
236,90000.0,715.0,9000.0,0.0791,0,Fully Repaid,0.0,Grant,0,0,0
237,79000.0,670.0,8200.0,0.1659,0,Fully Repaid,0.0,Grant,0,0,0
238,32000.0,660.0,8375.0,0.1399,1,Not Repaid,732.09,Grant,0,0,0
239,82000.0,670.0,14400.0,0.0917,0,Fully Repaid,0.0,Grant,0,0,0
240,90000.0,750.0,35000.0,0.0849,0,Fully Repaid,0.0,Grant,0,0,0
241,91392.0,710.0,10000.0,0.1288,0,Fully Repaid,0.0,Grant,0,0,0
242,66666.0,665.0,16075.0,0.1288,1,Fully Repaid,0.0,Grant,0,0,0
243,57000.0,680.0,20000.0,0.1577,0,Not Repaid,2171.54,Grant,0,0,0
244,35000.0,725.0,4225.0,0.1485,0,Not Repaid,368.37,Grant,0,0,0
245,88000.0,665.0,30000.0,0.1948,1,Fully Repaid,0.0,Grant,0,0,0
246,104000.0,665.0,24000.0,0.23129999999999998,1,Fully Repaid,0.0,Grant,0,0,0
247,29500.0,680.0,12000.0,0.10779999999999999,1,Fully Repaid,0.0,Grant,0,0,0
248,105000.0,705.0,25000.0,0.0791,0,Fully Repaid,0.0,Grant,0,0,0
249,61000.0,710.0,5000.0,0.0699,0,Fully Repaid,0.0,Grant,0,0,0
250,65000.0,675.0,27300.0,0.1797,0,Fully Repaid,0.0,Grant,0,0,0
251,110000.0,695.0,35000.0,0.1288,0,Partially Repaid,13403.0,Grant,0,0,0
252,98000.0,690.0,12000.0,0.10779999999999999,0,Fully Repaid,0.0,Grant,0,0,0
253,130000.0,675.0,14000.0,0.098,0,Fully Repaid,0.0,Grant,0,0,0
254,42000.0,700.0,8000.0,0.1148,0,Fully Repaid,0.0,Grant,0,0,0
255,120000.0,705.0,20000.0,0.0791,0,Fully Repaid,0.0,Grant,0,0,0
256,45000.0,745.0,1500.0,0.0649,0,Fully Repaid,0.0,Grant,0,0,0
257,65000.0,705.0,16000.0,0.1148,0,Not Repaid,1746.8,Grant,0,0,0
258,36522.0,660.0,1000.0,0.1199,1,Fully Repaid,0.0,Grant,0,0,0
259,97000.0,685.0,24000.0,0.1948,0,Fully Repaid,0.0,Grant,0,0,0
260,122400.0,660.0,3500.0,0.10779999999999999,1,Fully Repaid,0.0,Grant,0,0,0
261,50000.0,665.0,7500.0,0.1659,1,Fully Repaid,0.0,Grant,0,0,0
262,38000.0,675.0,13000.0,0.1288,0,Fully Repaid,0.0,Grant,0,0,0
263,34000.0,685.0,12500.0,0.10779999999999999,0,Fully Repaid,0.0,Grant,0,0,0
264,80000.0,705.0,21000.0,0.0917,0,Fully Repaid,0.0,Grant,0,0,0
265,75000.0,685.0,16000.0,0.0849,0,Fully Repaid,0.0,Grant,0,0,0
266,64567.05,680.0,9600.0,0.0649,0,Fully Repaid,0.0,Grant,0,0,0
267,70000.0,695.0,22400.0,0.1485,0,Fully Repaid,0.0,Grant,0,0,0
268,107000.0,710.0,32000.0,0.1148,0,Fully Repaid,0.0,Grant,0,0,0
269,34000.0,690.0,11950.0,0.1344,0,Fully Repaid,0.0,Grant,0,0,0
270,45000.0,670.0,14850.0,0.18489999999999998,0,Not Repaid,0.0,Grant,0,0,0
271,32000.0,670.0,2500.0,0.1485,0,Fully Repaid,0.0,Grant,0,0,0
272,85000.0,675.0,3600.0,0.1148,0,Fully Repaid,0.0,Grant,0,0,0
273,54649.0,670.0,21000.0,0.1344,0,Fully Repaid,0.0,Grant,0,0,0
274,70000.0,710.0,13000.0,0.0791,0,Fully Repaid,0.0,Grant,0,0,0
275,115000.0,690.0,30000.0,0.0849,0,Fully Repaid,0.0,Grant,0,0,0
276,120000.0,700.0,18000.0,0.0849,0,Not Repaid,0.0,Grant,0,0,0
277,100000.0,665.0,12000.0,0.098,1,Fully Repaid,0.0,Grant,0,0,0
278,25000.0,695.0,6025.0,0.1199,1,Fully Repaid,0.0,Grant,0,0,0
279,95000.0,710.0,28000.0,0.0849,0,Not Repaid,4736.26,Grant,0,0,0
280,60000.0,735.0,20000.0,0.1399,0,Not Repaid,2178.72,Grant,0,0,0
281,50000.0,675.0,16800.0,0.1199,0,Fully Repaid,0.0,Grant,0,0,0
282,93000.0,755.0,15000.0,0.0699,0,Fully Repaid,0.0,Grant,0,0,0
283,150000.0,665.0,18000.0,0.1948,1,Not Repaid,1618.9,Grant,0,0,0
284,110000.0,705.0,35000.0,0.10779999999999999,0,Fully Repaid,0.0,Grant,0,0,0
285,92000.0,720.0,28000.0,0.0649,0,Fully Repaid,0.0,Grant,0,0,0
286,139000.0,670.0,35000.0,0.1659,0,Fully Repaid,0.0,Grant,0,0,0
287,115000.0,660.0,14000.0,0.1948,1,Fully Repaid,0.0,Grant,0,0,0
288,44500.0,670.0,4000.0,0.0917,0,Fully Repaid,0.0,Grant,0,0,0
289,50000.0,715.0,16000.0,0.0791,0,Fully Repaid,0.0,Grant,0,0,0
290,101000.0,675.0,5500.0,0.1577,0,Fully Repaid,0.0,Grant,0,0,0
291,89000.0,680.0,17000.0,0.1288,0,Fully Repaid,0.0,Grant,0,0,0
292,110000.0,680.0,12000.0,0.1288,0,Fully Repaid,0.0,Grant,0,0,0
293,63000.0,695.0,20000.0,0.10779999999999999,0,Fully Repaid,0.0,Grant,0,0,0
294,56000.0,705.0,12000.0,0.10779999999999999,0,Not Repaid,0.0,Grant,0,0,0
295,61000.0,680.0,15125.0,0.18489999999999998,0,Not Repaid,1689.53,Grant,0,0,0
296,71000.0,715.0,12000.0,0.0791,0,Fully Repaid,0.0,Grant,0,0,0
297,100000.0,745.0,15000.0,0.053200000000000004,0,Fully Repaid,0.0,Grant,0,0,0
298,39400.0,705.0,12000.0,0.0917,0,Fully Repaid,0.0,Grant,0,0,0
299,25000.0,740.0,10000.0,0.0791,1,Partially Repaid,2729.0,Grant,0,0,0
300,46000.0,660.0,5600.0,0.10779999999999999,1,Fully Repaid,0.0,Grant,0,0,0
301,99500.0,705.0,12500.0,0.07490000000000001,0,Fully Repaid,0.0,Grant,0,0,0
302,26000.0,740.0,12475.0,0.053200000000000004,1,Fully Repaid,0.0,Grant,0,0,0
303,84468.0,665.0,35000.0,0.1577,1,Fully Repaid,0.0,Grant,0,0,0
304,72000.0,715.0,25500.0,0.1199,0,Fully Repaid,0.0,Grant,0,0,0
305,32500.0,710.0,13875.0,0.1199,0,Fully Repaid,0.0,Grant,0,0,0
306,86000.0,660.0,1000.0,0.1148,1,Fully Repaid,0.0,Grant,0,0,0
307,35000.0,675.0,10000.0,0.0917,0,Fully Repaid,0.0,Grant,0,0,0
308,42000.0,690.0,7200.0,0.0849,0,Fully Repaid,0.0,Grant,0,0,0
309,70000.0,700.0,30000.0,0.1344,0,Fully Repaid,0.0,Grant,0,0,0
310,150000.0,670.0,35000.0,0.1797,0,Fully Repaid,0.0,Grant,0,0,0
311,187000.0,765.0,20000.0,0.053200000000000004,0,Fully Repaid,0.0,Grant,0,0,0
312,78000.0,670.0,4550.0,0.10779999999999999,0,Fully Repaid,0.0,Grant,0,0,0
313,40000.0,710.0,20000.0,0.1199,0,Not Repaid,1490.66,Grant,0,0,0
314,28832.0,690.0,10500.0,0.1797,1,Not Repaid,1250.0,Grant,0,0,0
315,54744.0,665.0,6000.0,0.18489999999999998,1,Fully Repaid,0.0,Grant,0,0,0
316,50000.0,705.0,18000.0,0.1659,0,Fully Repaid,0.0,Grant,0,0,0
317,60000.0,720.0,20200.0,0.18489999999999998,0,Not Repaid,0.0,Grant,0,0,0
318,75000.0,750.0,12000.0,0.0791,0,Fully Repaid,0.0,Grant,0,0,0
319,52000.0,705.0,12500.0,0.07490000000000001,0,Fully Repaid,0.0,Grant,0,0,0
320,41600.0,695.0,10000.0,0.10779999999999999,0,Fully Repaid,0.0,Grant,0,0,0
321,45000.0,660.0,18900.0,0.1288,1,Fully Repaid,0.0,Grant,0,0,0
322,125000.0,710.0,35000.0,0.1344,0,Fully Repaid,0.0,Grant,0,0,0
323,60000.0,710.0,10000.0,0.0699,0,Fully Repaid,0.0,Grant,0,0,0
324,117000.0,700.0,15000.0,0.0699,0,Fully Repaid,0.0,Grant,0,0,0
325,85000.0,685.0,21000.0,0.0917,0,Fully Repaid,0.0,Grant,0,0,0
326,60000.0,690.0,14000.0,0.1485,0,Not Repaid,1495.9,Grant,0,0,0
327,64000.0,685.0,16000.0,0.1288,0,Fully Repaid,0.0,Grant,0,0,0
328,50000.0,790.0,12000.0,0.0699,0,Fully Repaid,0.0,Grant,0,0,0
329,100000.0,725.0,24650.0,0.1148,0,Fully Repaid,0.0,Grant,0,0,0
330,110000.0,665.0,9600.0,0.1148,1,Fully Repaid,0.0,Grant,0,0,0
331,75000.0,780.0,15000.0,0.053200000000000004,0,Fully Repaid,0.0,Grant,0,0,0
332,53000.0,675.0,20000.0,0.1344,0,Not Repaid,1503.3,Grant,0,0,0
333,40000.0,660.0,6000.0,0.1659,1,Not Repaid,469.97,Grant,0,0,0
334,70000.0,765.0,30000.0,0.1399,0,Fully Repaid,0.0,Grant,0,0,0
335,70000.0,670.0,25000.0,0.1199,0,Fully Repaid,0.0,Grant,0,0,0
336,52000.0,720.0,15600.0,0.1344,0,Fully Repaid,0.0,Grant,0,0,0
337,55000.0,665.0,5000.0,0.098,1,Not Repaid,343.29,Grant,0,0,0
338,98000.0,660.0,30000.0,0.205,1,Fully Repaid,0.0,Grant,0,0,0
339,150000.0,660.0,9600.0,0.0917,1,Fully Repaid,0.0,Grant,0,0,0
340,156000.0,710.0,35000.0,0.1199,0,Fully Repaid,0.0,Grant,0,0,0
341,30000.0,665.0,4000.0,0.1485,1,Fully Repaid,0.0,Grant,0,0,0
342,134000.0,725.0,30000.0,0.0791,0,Fully Repaid,0.0,Grant,0,0,0
343,105000.0,670.0,9000.0,0.0917,0,Fully Repaid,0.0,Grant,0,0,0
344,70000.0,670.0,5875.0,0.0791,0,Fully Repaid,0.0,Grant,0,0,0
345,85000.0,670.0,5000.0,0.1148,0,Fully Repaid,0.0,Grant,0,0,0
346,103000.0,675.0,30000.0,0.18489999999999998,0,Not Repaid,0.0,Grant,0,0,0
347,40000.0,665.0,10800.0,0.1399,1,Fully Repaid,0.0,Grant,0,0,0
348,90000.0,725.0,4200.0,0.07490000000000001,0,Fully Repaid,0.0,Grant,0,0,0
349,100200.0,740.0,14000.0,0.0699,0,Fully Repaid,0.0,Grant,0,0,0
350,92000.0,680.0,10000.0,0.098,0,Not Repaid,681.01,Grant,0,0,0
351,38000.0,710.0,15600.0,0.0849,0,Not Repaid,305.0,Grant,0,0,0
352,120000.0,705.0,14000.0,0.10779999999999999,0,Fully Repaid,0.0,Grant,0,0,0
353,157000.0,690.0,31325.0,0.1577,0,Fully Repaid,0.0,Grant,0,0,0
354,85000.0,685.0,15000.0,0.10779999999999999,0,Fully Repaid,0.0,Grant,0,0,0
355,117000.0,735.0,10000.0,0.1948,0,Fully Repaid,0.0,Grant,0,0,0
356,65000.0,660.0,21850.0,0.1727,1,Fully Repaid,0.0,Grant,0,0,0
357,92000.0,665.0,8800.0,0.098,1,Fully Repaid,0.0,Grant,0,0,0
358,72000.0,660.0,6000.0,0.0917,1,Fully Repaid,0.0,Grant,0,0,0
359,21610.0,705.0,8000.0,0.1148,1,Fully Repaid,0.0,Grant,0,0,0
360,70000.0,675.0,23525.0,0.1797,0,Fully Repaid,0.0,Grant,0,0,0
361,112000.0,715.0,28000.0,0.0791,0,Fully Repaid,0.0,Grant,0,0,0
362,43000.0,695.0,12000.0,0.098,0,Fully Repaid,0.0,Grant,0,0,0
363,70000.0,675.0,18500.0,0.1288,0,Fully Repaid,0.0,Grant,0,0,0
364,70000.0,660.0,7000.0,0.0917,1,Fully Repaid,0.0,Grant,0,0,0
365,66000.0,665.0,24000.0,0.0917,1,Fully Repaid,0.0,Grant,0,0,0
366,70000.0,735.0,16000.0,0.1485,0,Fully Repaid,0.0,Grant,0,0,0
367,45000.0,755.0,15850.0,0.23129999999999998,0,Fully Repaid,0.0,Grant,0,0,0
368,48000.0,685.0,16000.0,0.1485,0,Fully Repaid,0.0,Grant,0,0,0
369,80000.0,680.0,8000.0,0.1399,0,Fully Repaid,0.0,Grant,0,0,0
370,29524.32,680.0,8750.0,0.18989999999999999,1,Not Repaid,924.07,Grant,0,0,0
371,75000.0,710.0,10000.0,0.053200000000000004,0,Fully Repaid,0.0,Grant,0,0,0
372,45000.0,710.0,15000.0,0.07490000000000001,0,Fully Repaid,0.0,Grant,0,0,0
373,77000.0,660.0,13500.0,0.10779999999999999,1,Not Repaid,852.5,Grant,0,0,0
374,84000.0,700.0,30000.0,0.1288,0,Not Repaid,2110.95,Grant,0,0,0
375,118000.0,710.0,28000.0,0.1577,0,Fully Repaid,0.0,Grant,0,0,0
376,100000.0,665.0,24000.0,0.098,1,Fully Repaid,0.0,Grant,0,0,0
377,200000.0,775.0,18000.0,0.053200000000000004,0,Fully Repaid,0.0,Grant,0,0,0
378,52000.0,670.0,7200.0,0.1485,0,Not Repaid,492.23,Grant,0,0,0
379,52000.0,665.0,20000.0,0.18989999999999999,1,Fully Repaid,0.0,Grant,0,0,0
380,73000.0,715.0,12000.0,0.0649,0,Fully Repaid,0.0,Grant,0,0,0
381,127000.0,710.0,24000.0,0.0699,0,Fully Repaid,0.0,Grant,0,0,0
382,86000.0,660.0,19675.0,0.2148,1,Fully Repaid,0.0,Grant,0,0,0
383,72500.0,725.0,7200.0,0.1148,0,Fully Repaid,0.0,Grant,0,0,0
384,60000.0,670.0,2400.0,0.1148,0,Not Repaid,163.29,Grant,0,0,0
385,54000.0,680.0,3000.0,0.18489999999999998,0,Not Repaid,0.0,Grant,0,0,0
386,85000.0,705.0,21000.0,0.0917,0,Fully Repaid,0.0,Grant,0,0,0
387,39750.0,695.0,17475.0,0.1399,0,Partially Repaid,4382.0,Grant,0,0,0
388,80000.0,660.0,14000.0,0.1288,1,Not Repaid,939.8,Grant,0,0,0
389,43500.0,665.0,15000.0,0.1344,1,Fully Repaid,0.0,Grant,0,0,0
390,50000.0,725.0,25000.0,0.10779999999999999,0,Fully Repaid,0.0,Grant,0,0,0
391,60000.0,685.0,21600.0,0.0849,0,Fully Repaid,0.0,Grant,0,0,0
392,93000.0,810.0,22500.0,0.0791,0,Fully Repaid,0.0,Grant,0,0,0
393,115000.0,700.0,13000.0,0.1399,0,Fully Repaid,0.0,Grant,0,0,0
394,52600.0,720.0,10000.0,0.0649,0,Fully Repaid,0.0,Grant,0,0,0
395,75000.0,715.0,18000.0,0.07490000000000001,0,Fully Repaid,0.0,Grant,0,0,0
396,65000.0,765.0,12000.0,0.0649,0,Fully Repaid,0.0,Grant,0,0,0
397,101000.0,660.0,15000.0,0.1727,1,Fully Repaid,0.0,Grant,0,0,0
398,120000.0,685.0,20000.0,0.1485,0,Not Repaid,1322.09,Grant,0,0,0
399,52000.0,660.0,11000.0,0.1399,1,Not Repaid,0.0,Grant,0,0,0
400,45000.0,660.0,15000.0,0.0917,1,Fully Repaid,0.0,Grant,0,0,0
401,47000.0,755.0,4000.0,0.098,0,Fully Repaid,0.0,Grant,0,0,0
402,80000.0,725.0,35000.0,0.1199,0,Fully Repaid,0.0,Grant,0,0,0
403,73000.0,660.0,24000.0,0.1288,1,Not Repaid,1900.0,Grant,0,0,0
404,55000.0,690.0,15000.0,0.053200000000000004,0,Fully Repaid,0.0,Grant,0,0,0
405,60000.0,725.0,7200.0,0.0649,0,Fully Repaid,0.0,Grant,0,0,0
406,38000.0,700.0,11550.0,0.1659,0,Not Repaid,1165.01,Grant,0,0,0
407,105000.0,670.0,28000.0,0.1577,0,Fully Repaid,0.0,Grant,0,0,0
408,22000.0,705.0,4700.0,0.1344,1,Fully Repaid,0.0,Grant,0,0,0
409,125000.0,685.0,10000.0,0.10779999999999999,0,Fully Repaid,0.0,Grant,0,0,0
410,90000.0,670.0,12000.0,0.1399,0,Not Repaid,786.73,Grant,0,0,0
411,55000.0,685.0,10000.0,0.1797,0,Not Repaid,0.0,Grant,0,0,0
412,106000.0,730.0,35000.0,0.1288,0,Not Repaid,5558.6,Grant,0,0,0
413,108000.0,670.0,5475.0,0.18989999999999999,0,Not Repaid,404.32,Grant,0,0,0
414,45000.0,695.0,19800.0,0.1199,0,Fully Repaid,0.0,Grant,0,0,0
415,50000.0,660.0,13500.0,0.23129999999999998,1,Not Repaid,907.31,Grant,0,0,0
416,90000.0,765.0,15000.0,0.053200000000000004,0,Fully Repaid,0.0,Grant,0,0,0
417,125000.0,700.0,24000.0,0.098,0,Not Repaid,0.0,Grant,0,0,0
418,40000.0,815.0,9075.0,0.053200000000000004,0,Fully Repaid,0.0,Grant,0,0,0
419,60000.0,715.0,20000.0,0.1485,0,Not Repaid,1242.64,Grant,0,0,0
420,175000.0,695.0,17400.0,0.0849,0,Fully Repaid,0.0,Grant,0,0,0
421,90000.0,660.0,12000.0,0.1288,1,Fully Repaid,0.0,Grant,0,0,0
422,66000.0,695.0,6000.0,0.10779999999999999,0,Partially Repaid,1203.0,Grant,0,0,0
423,65000.0,785.0,12000.0,0.098,0,Fully Repaid,0.0,Grant,0,0,0
424,55000.0,735.0,11000.0,0.1659,0,Fully Repaid,0.0,Grant,0,0,0
425,70000.0,775.0,10000.0,0.07490000000000001,0,Fully Repaid,0.0,Grant,0,0,0
426,74000.0,675.0,22450.0,0.18989999999999999,0,Not Repaid,0.0,Grant,0,0,0
427,125000.0,695.0,28000.0,0.1344,0,Fully Repaid,0.0,Grant,0,0,0
428,55000.0,660.0,12000.0,0.098,1,Fully Repaid,0.0,Grant,0,0,0
429,51000.0,690.0,8400.0,0.1659,0,Not Repaid,486.38,Grant,0,0,0
430,98000.0,665.0,13200.0,0.0917,1,Not Repaid,712.68,Grant,0,0,0
431,52000.0,670.0,2400.0,0.1727,0,Fully Repaid,0.0,Grant,0,0,0
432,110000.0,700.0,21000.0,0.0917,0,Not Repaid,1104.3,Grant,0,0,0
433,50000.0,690.0,15000.0,0.1989,0,Not Repaid,1526.84,Grant,0,0,0
434,38500.0,660.0,4275.0,0.1727,1,Fully Repaid,0.0,Grant,0,0,0
435,100000.0,750.0,8650.0,0.053200000000000004,0,Fully Repaid,0.0,Grant,0,0,0
436,98000.0,775.0,12000.0,0.053200000000000004,0,Fully Repaid,0.0,Grant,0,0,0
437,60000.0,685.0,10500.0,0.0849,0,Fully Repaid,0.0,Grant,0,0,0
438,45000.0,660.0,17125.0,0.2799,1,Fully Repaid,0.0,Grant,0,0,0
439,84000.0,700.0,28000.0,0.205,0,Not Repaid,2930.67,Grant,0,0,0
440,25000.0,710.0,3600.0,0.1344,1,Fully Repaid,0.0,Grant,0,0,0
441,106000.0,675.0,30000.0,0.1344,0,Fully Repaid,0.0,Grant,0,0,0
442,46000.0,700.0,12000.0,0.098,0,Not Repaid,0.0,Grant,0,0,0
443,155000.0,665.0,19000.0,0.10779999999999999,1,Fully Repaid,0.0,Grant,0,0,0
444,160000.0,695.0,35000.0,0.18489999999999998,0,Fully Repaid,0.0,Grant,0,0,0
445,55500.0,700.0,10000.0,0.07490000000000001,0,Fully Repaid,0.0,Grant,0,0,0
446,63800.0,730.0,8000.0,0.0791,0,Fully Repaid,0.0,Grant,0,0,0
447,64000.0,695.0,20000.0,0.1344,0,Fully Repaid,0.0,Grant,0,0,0
448,100000.0,695.0,30000.0,0.1288,0,Fully Repaid,0.0,Grant,0,0,0
449,29000.0,690.0,5000.0,0.0849,1,Fully Repaid,0.0,Grant,0,0,0
450,40000.0,685.0,8000.0,0.098,0,Not Repaid,395.59,Grant,0,0,0
451,68000.0,730.0,10000.0,0.053200000000000004,0,Fully Repaid,0.0,Grant,0,0,0
452,78000.0,730.0,20000.0,0.0649,0,Fully Repaid,0.0,Grant,0,0,0
453,56600.0,710.0,19225.0,0.2699,0,Not Repaid,0.0,Grant,0,0,0
454,42251.0,680.0,3350.0,0.0791,0,Fully Repaid,0.0,Grant,0,0,0
455,32000.0,705.0,4200.0,0.1399,0,Fully Repaid,0.0,Grant,0,0,0
456,22000.0,700.0,7200.0,0.1727,1,Fully Repaid,0.0,Grant,0,0,0
457,80000.0,740.0,18000.0,0.0791,0,Not Repaid,0.0,Grant,0,0,0
458,90000.0,725.0,35000.0,0.1485,0,Fully Repaid,0.0,Grant,0,0,0
459,97000.0,660.0,3600.0,0.1148,1,Fully Repaid,0.0,Grant,0,0,0
460,16968.0,740.0,7000.0,0.053200000000000004,1,Fully Repaid,0.0,Grant,0,0,0
461,105000.0,705.0,24000.0,0.098,0,Fully Repaid,0.0,Grant,0,0,0
462,160000.0,670.0,15000.0,0.10779999999999999,0,Fully Repaid,0.0,Grant,0,0,0
463,62000.0,725.0,25000.0,0.0649,0,Fully Repaid,0.0,Grant,0,0,0
464,79000.0,730.0,25000.0,0.1399,0,Not Repaid,0.0,Grant,0,0,0
465,50000.0,665.0,15000.0,0.1288,1,Fully Repaid,0.0,Grant,0,0,0
466,30100.0,680.0,7000.0,0.1659,0,Fully Repaid,0.0,Grant,0,0,0
467,45000.0,695.0,13000.0,0.10779999999999999,0,Fully Repaid,0.0,Grant,0,0,0
468,120000.0,660.0,25000.0,0.1727,1,Not Repaid,1843.0,Grant,0,0,0
469,47500.0,685.0,4000.0,0.098,0,Fully Repaid,0.0,Grant,0,0,0
470,70000.0,690.0,8400.0,0.0917,0,Fully Repaid,0.0,Grant,0,0,0
471,43500.0,665.0,8000.0,0.10779999999999999,1,Not Repaid,410.27,Grant,0,0,0
472,65000.0,690.0,19200.0,0.10779999999999999,0,Fully Repaid,0.0,Grant,0,0,0
473,61000.0,680.0,13200.0,0.1485,0,Fully Repaid,0.0,Grant,0,0,0
474,98000.0,755.0,17000.0,0.053200000000000004,0,Fully Repaid,0.0,Grant,0,0,0
475,45500.0,690.0,14000.0,0.1577,0,Not Repaid,450.0,Grant,0,0,0
476,66500.0,725.0,8000.0,0.0791,0,Fully Repaid,0.0,Grant,0,0,0
477,75000.0,705.0,15000.0,0.10779999999999999,0,Fully Repaid,0.0,Grant,0,0,0
478,35000.0,720.0,8000.0,0.1199,0,Fully Repaid,0.0,Grant,0,0,0
479,108000.0,705.0,28000.0,0.0649,0,Fully Repaid,0.0,Grant,0,0,0
480,78000.0,700.0,5000.0,0.1148,0,Fully Repaid,0.0,Grant,0,0,0
481,60000.0,695.0,9600.0,0.07490000000000001,0,Fully Repaid,0.0,Grant,0,0,0
482,33000.0,685.0,6400.0,0.1148,0,Fully Repaid,0.0,Grant,0,0,0
483,100000.0,660.0,12000.0,0.1288,1,Not Repaid,1095.82,Grant,0,0,0
484,70000.0,690.0,28500.0,0.18989999999999999,0,Fully Repaid,0.0,Grant,0,0,0
485,17000.0,690.0,5000.0,0.1148,1,Fully Repaid,0.0,Grant,0,0,0
486,100000.0,660.0,15000.0,0.1199,1,Fully Repaid,0.0,Grant,0,0,0
487,70000.0,690.0,6125.0,0.1727,0,Fully Repaid,0.0,Grant,0,0,0
488,90000.0,710.0,15000.0,0.1288,0,Fully Repaid,0.0,Grant,0,0,0
489,56000.0,670.0,5875.0,0.1577,0,Fully Repaid,0.0,Grant,0,0,0
490,37380.0,670.0,8450.0,0.1199,0,Fully Repaid,0.0,Grant,0,0,0
491,47590.0,700.0,21875.0,0.1199,0,Fully Repaid,0.0,Grant,0,0,0
492,30407.0,710.0,3200.0,0.0849,0,Fully Repaid,0.0,Grant,0,0,0
493,58000.0,680.0,20000.0,0.0849,0,Fully Repaid,0.0,Grant,0,0,0
494,47000.0,680.0,5000.0,0.1288,0,Fully Repaid,0.0,Grant,0,0,0
495,45000.0,670.0,8000.0,0.10779999999999999,0,Fully Repaid,0.0,Grant,0,0,0
496,55000.0,680.0,7200.0,0.1577,0,Fully Repaid,0.0,Grant,0,0,0
497,150000.0,740.0,25600.0,0.0791,0,Fully Repaid,0.0,Grant,0,0,0
498,70000.0,675.0,20000.0,0.0849,0,Fully Repaid,0.0,Grant,0,0,0
499,60000.0,685.0,12500.0,0.1199,0,Fully Repaid,0.0,Grant,0,0,0
500,80000.0,665.0,6900.0,0.1989,1,Fully Repaid,0.0,Grant,0,0,0
501,118000.0,705.0,15000.0,0.1288,0,Fully Repaid,0.0,Grant,0,0,0
502,43000.0,710.0,10000.0,0.0917,0,Fully Repaid,0.0,Grant,0,0,0
503,124400.0,735.0,26000.0,0.0649,0,Fully Repaid,0.0,Grant,0,0,0
504,53000.0,720.0,11200.0,0.0917,0,Fully Repaid,0.0,Grant,0,0,0
505,60000.0,680.0,18000.0,0.0791,0,Not Repaid,724.8,Grant,0,0,0
506,123000.0,700.0,35000.0,0.1948,0,Fully Repaid,0.0,Grant,0,0,0
507,65000.0,670.0,10000.0,0.1288,0,Fully Repaid,0.0,Grant,0,0,0
508,44500.0,670.0,14000.0,0.1485,0,Not Repaid,577.47,Grant,0,0,0
509,42000.0,730.0,6000.0,0.0849,0,Fully Repaid,0.0,Grant,0,0,0
510,60000.0,790.0,15000.0,0.053200000000000004,0,Fully Repaid,0.0,Grant,0,0,0
511,150000.0,705.0,10000.0,0.1948,0,Fully Repaid,0.0,Grant,0,0,0
512,120000.0,690.0,35000.0,0.1577,0,Fully Repaid,0.0,Grant,0,0,0
513,40000.0,685.0,15225.0,0.0849,0,Not Repaid,573.3,Grant,0,0,0
514,45500.0,700.0,15000.0,0.1797,0,Not Repaid,0.0,Grant,0,0,0
515,63900.0,685.0,10175.0,0.1989,0,Fully Repaid,0.0,Grant,0,0,0
516,82500.0,825.0,11200.0,0.053200000000000004,0,Fully Repaid,0.0,Grant,0,0,0
517,92000.0,725.0,24575.0,0.2245,0,Fully Repaid,0.0,Grant,0,0,0
518,75000.0,685.0,28000.0,0.0849,0,Fully Repaid,0.0,Grant,0,0,0
519,450000.0,720.0,24000.0,0.053200000000000004,0,Fully Repaid,0.0,Grant,0,0,0
520,85000.0,710.0,21000.0,0.0699,0,Fully Repaid,0.0,Grant,0,0,0
521,90247.0,680.0,23000.0,0.098,0,Fully Repaid,0.0,Grant,0,0,0
522,72000.0,710.0,5000.0,0.098,0,Fully Repaid,0.0,Grant,0,0,0
523,75000.0,705.0,20000.0,0.1485,0,Fully Repaid,0.0,Grant,0,0,0
524,92250.0,735.0,33000.0,0.0849,0,Fully Repaid,0.0,Grant,0,0,0
525,73000.0,685.0,12600.0,0.0791,0,Fully Repaid,0.0,Grant,0,0,0
526,68000.0,740.0,12000.0,0.0849,0,Fully Repaid,0.0,Grant,0,0,0
527,72000.0,715.0,24000.0,0.0849,0,Fully Repaid,0.0,Grant,0,0,0
528,40000.0,690.0,12000.0,0.1288,0,Fully Repaid,0.0,Grant,0,0,0
529,123000.0,685.0,4900.0,0.1344,0,Fully Repaid,0.0,Grant,0,0,0
530,70100.0,660.0,10500.0,0.1577,1,Fully Repaid,0.0,Grant,0,0,0
531,108000.0,715.0,12000.0,0.07490000000000001,0,Fully Repaid,0.0,Grant,0,0,0
532,76000.0,755.0,18000.0,0.0649,0,Fully Repaid,0.0,Grant,0,0,0
533,32500.0,795.0,10000.0,0.053200000000000004,0,Fully Repaid,0.0,Grant,0,0,0
534,86308.0,690.0,12000.0,0.10779999999999999,0,Not Repaid,0.0,Grant,0,0,0
535,132500.0,670.0,35000.0,0.18489999999999998,0,Fully Repaid,0.0,Grant,0,0,0
536,115000.0,690.0,24000.0,0.1399,0,Fully Repaid,0.0,Grant,0,0,0
537,135000.0,700.0,28000.0,0.053200000000000004,0,Fully Repaid,0.0,Grant,0,0,0
538,186000.0,675.0,24000.0,0.1288,0,Fully Repaid,0.0,Grant,0,0,0
539,90000.0,685.0,15000.0,0.0791,0,Not Repaid,0.0,Grant,0,0,0
540,45000.0,690.0,3850.0,0.1344,0,Fully Repaid,0.0,Grant,0,0,0
541,95000.0,725.0,8400.0,0.053200000000000004,0,Not Repaid,0.0,Grant,0,0,0
542,52000.0,745.0,20000.0,0.098,0,Fully Repaid,0.0,Grant,0,0,0
543,78000.0,705.0,20000.0,0.1199,0,Not Repaid,1650.0,Grant,0,0,0
544,300000.0,750.0,25000.0,0.053200000000000004,0,Fully Repaid,0.0,Grant,0,0,0
545,80000.0,710.0,19600.0,0.1577,0,Not Repaid,1737.71,Grant,0,0,0
546,121000.0,665.0,21600.0,0.1948,1,Not Repaid,0.0,Grant,0,0,0
547,41501.0,685.0,4000.0,0.1199,0,Fully Repaid,0.0,Grant,0,0,0
548,63000.0,690.0,10000.0,0.0849,0,Not Repaid,1420.0,Grant,0,0,0
549,105000.0,700.0,35000.0,0.1659,0,Fully Repaid,0.0,Grant,0,0,0
550,144000.0,715.0,28000.0,0.053200000000000004,0,Fully Repaid,0.0,Grant,0,0,0
551,155000.0,710.0,20000.0,0.1199,0,Fully Repaid,0.0,Grant,0,0,0
552,85000.0,720.0,12000.0,0.1148,0,Fully Repaid,0.0,Grant,0,0,0
553,83000.0,680.0,7000.0,0.1399,0,Fully Repaid,0.0,Grant,0,0,0
554,84000.0,730.0,9100.0,0.0649,0,Fully Repaid,0.0,Grant,0,0,0
555,89000.0,680.0,18000.0,0.0699,0,Fully Repaid,0.0,Grant,0,0,0
556,130000.0,715.0,20000.0,0.0917,0,Fully Repaid,0.0,Grant,0,0,0
557,81500.0,675.0,20825.0,0.1659,0,Fully Repaid,0.0,Grant,0,0,0
558,81120.0,685.0,6000.0,0.0791,0,Fully Repaid,0.0,Grant,0,0,0
559,105000.0,660.0,10000.0,0.1148,1,Not Repaid,0.0,Grant,0,0,0
560,180000.0,665.0,2000.0,0.1199,1,Fully Repaid,0.0,Grant,0,0,0
561,132700.0,660.0,14000.0,0.1577,1,Fully Repaid,0.0,Grant,0,0,0
562,38700.0,690.0,6000.0,0.1344,0,Fully Repaid,0.0,Grant,0,0,0
563,33000.0,665.0,10000.0,0.1288,1,Fully Repaid,0.0,Grant,0,0,0
564,36000.0,710.0,6000.0,0.0849,0,Fully Repaid,0.0,Grant,0,0,0
565,25200.0,680.0,5875.0,0.1148,1,Fully Repaid,0.0,Grant,0,0,0
566,120000.0,700.0,24000.0,0.1399,0,Fully Repaid,0.0,Grant,0,0,0
567,65000.0,690.0,10175.0,0.098,0,Fully Repaid,0.0,Grant,0,0,0
568,107000.0,765.0,24000.0,0.07490000000000001,0,Fully Repaid,0.0,Grant,0,0,0
569,100000.0,720.0,18000.0,0.0649,0,Fully Repaid,0.0,Grant,0,0,0
570,55000.0,715.0,8275.0,0.10779999999999999,0,Fully Repaid,0.0,Grant,0,0,0
571,48000.0,670.0,8000.0,0.0849,0,Fully Repaid,0.0,Grant,0,0,0
572,51000.0,720.0,22925.0,0.1659,0,Fully Repaid,0.0,Grant,0,0,0
573,45000.0,695.0,1000.0,0.1288,0,Fully Repaid,0.0,Grant,0,0,0
574,58000.0,695.0,2800.0,0.1797,0,Fully Repaid,0.0,Grant,0,0,0
575,120000.0,775.0,14000.0,0.053200000000000004,0,Fully Repaid,0.0,Grant,0,0,0
576,65000.0,670.0,7000.0,0.1288,0,Fully Repaid,0.0,Grant,0,0,0
577,105000.0,670.0,12000.0,0.0917,0,Fully Repaid,0.0,Grant,0,0,0
578,43700.0,660.0,6000.0,0.1399,1,Fully Repaid,0.0,Grant,0,0,0
579,41000.0,690.0,18000.0,0.1199,0,Fully Repaid,0.0,Grant,0,0,0
580,76497.0,705.0,34000.0,0.10779999999999999,0,Fully Repaid,0.0,Grant,0,0,0
581,105000.0,690.0,24000.0,0.0649,0,Fully Repaid,0.0,Grant,0,0,0
582,85000.0,660.0,8400.0,0.0917,1,Not Repaid,0.0,Grant,0,0,0
583,22000.0,750.0,7200.0,0.1148,1,Fully Repaid,0.0,Grant,0,0,0
584,96000.0,675.0,24000.0,0.1344,0,Fully Repaid,0.0,Grant,0,0,0
585,85000.0,685.0,10000.0,0.0649,0,Fully Repaid,0.0,Grant,0,0,0
586,75000.0,665.0,7500.0,0.1577,1,Fully Repaid,0.0,Grant,0,0,0
587,30000.0,675.0,5000.0,0.1199,0,Not Repaid,181.05,Grant,0,0,0
588,45000.0,670.0,4800.0,0.1199,0,Fully Repaid,0.0,Grant,0,0,0
589,175000.0,725.0,35000.0,0.1199,0,Fully Repaid,0.0,Grant,0,0,0
590,110000.0,745.0,12000.0,0.053200000000000004,0,Fully Repaid,0.0,Grant,0,0,0
591,55000.0,670.0,18000.0,0.0849,0,Fully Repaid,0.0,Grant,0,0,0
592,65000.0,835.0,20000.0,0.053200000000000004,0,Fully Repaid,0.0,Grant,0,0,0
593,140000.0,660.0,10000.0,0.1344,1,Fully Repaid,0.0,Grant,0,0,0
594,87500.0,695.0,16000.0,0.10779999999999999,0,Fully Repaid,0.0,Grant,0,0,0
595,110000.0,735.0,24000.0,0.10779999999999999,0,Fully Repaid,0.0,Grant,0,0,0
596,70000.0,695.0,14400.0,0.0649,0,Fully Repaid,0.0,Grant,0,0,0
597,110000.0,715.0,10000.0,0.0917,0,Fully Repaid,0.0,Grant,0,0,0
598,52000.0,680.0,21000.0,0.1399,0,Fully Repaid,0.0,Grant,0,0,0
599,102000.0,700.0,28000.0,0.0791,0,Fully Repaid,0.0,Grant,0,0,0
600,76008.0,690.0,28000.0,0.0917,0,Fully Repaid,0.0,Grant,0,0,0
601,150000.0,665.0,21000.0,0.0917,1,Fully Repaid,0.0,Grant,0,0,0
602,40000.0,765.0,13150.0,0.053200000000000004,0,Fully Repaid,0.0,Grant,0,0,0
603,65000.0,670.0,11000.0,0.1399,0,Fully Repaid,0.0,Grant,0,0,0
604,60000.0,685.0,20000.0,0.1148,0,Fully Repaid,0.0,Grant,0,0,0
605,46000.0,685.0,15000.0,0.10779999999999999,0,Fully Repaid,0.0,Grant,0,0,0
606,65000.0,790.0,24950.0,0.10779999999999999,0,Fully Repaid,0.0,Grant,0,0,0
607,28948.92,685.0,11550.0,0.18989999999999999,1,Fully Repaid,0.0,Grant,0,0,0
608,43498.0,660.0,5000.0,0.1148,1,Not Repaid,562.0,Grant,0,0,0
609,60000.0,710.0,11000.0,0.0791,0,Fully Repaid,0.0,Grant,0,0,0
610,52000.0,665.0,8000.0,0.0917,1,Fully Repaid,0.0,Grant,0,0,0
611,55000.0,660.0,15000.0,0.1659,1,Not Repaid,1275.31,Grant,0,0,0
612,80000.0,775.0,15000.0,0.053200000000000004,0,Fully Repaid,0.0,Grant,0,0,0
613,53040.0,660.0,8000.0,0.1485,1,Fully Repaid,0.0,Grant,0,0,0
614,105000.0,710.0,20000.0,0.0699,0,Fully Repaid,0.0,Grant,0,0,0
615,76000.0,750.0,18000.0,0.053200000000000004,0,Fully Repaid,0.0,Grant,0,0,0
616,50000.0,660.0,1800.0,0.1148,1,Fully Repaid,0.0,Grant,0,0,0
617,75000.0,685.0,12000.0,0.098,0,Fully Repaid,0.0,Grant,0,0,0
618,80000.0,745.0,6000.0,0.053200000000000004,0,Fully Repaid,0.0,Grant,0,0,0
619,43500.0,715.0,13050.0,0.2606,0,Fully Repaid,0.0,Grant,0,0,0
620,230000.0,675.0,24000.0,0.18989999999999999,0,Not Repaid,0.0,Grant,0,0,0
621,93534.0,750.0,20000.0,0.1288,0,Fully Repaid,0.0,Grant,0,0,0
622,25000.0,675.0,5000.0,0.0849,1,Fully Repaid,0.0,Grant,0,0,0
623,150000.0,670.0,10400.0,0.1344,0,Not Repaid,298.58,Grant,0,0,0
624,67000.0,690.0,24000.0,0.1727,0,Not Repaid,0.0,Grant,0,0,0
625,130000.0,705.0,13000.0,0.1288,0,Not Repaid,0.0,Grant,0,0,0
626,137000.0,700.0,22875.0,0.1577,0,Fully Repaid,0.0,Grant,0,0,0
627,26000.0,670.0,2400.0,0.1344,1,Fully Repaid,0.0,Grant,0,0,0
628,75000.0,685.0,28000.0,0.18489999999999998,0,Fully Repaid,0.0,Grant,0,0,0
629,55000.0,715.0,8800.0,0.1288,0,Fully Repaid,0.0,Grant,0,0,0
630,59000.0,730.0,7000.0,0.07490000000000001,0,Fully Repaid,0.0,Grant,0,0,0
631,297000.0,670.0,11000.0,0.10779999999999999,0,Fully Repaid,0.0,Grant,0,0,0
632,67000.0,715.0,6000.0,0.07490000000000001,0,Fully Repaid,0.0,Grant,0,0,0
633,35000.0,755.0,10000.0,0.0649,0,Fully Repaid,0.0,Grant,0,0,0
634,101000.0,685.0,12000.0,0.1659,0,Fully Repaid,0.0,Grant,0,0,0
635,205200.0,680.0,28000.0,0.053200000000000004,0,Fully Repaid,0.0,Grant,0,0,0
636,20000.0,675.0,3525.0,0.1148,1,Fully Repaid,0.0,Grant,0,0,0
637,106000.0,810.0,10000.0,0.0649,0,Fully Repaid,0.0,Grant,0,0,0
638,77000.0,685.0,11000.0,0.0791,0,Fully Repaid,0.0,Grant,0,0,0
639,24000.0,670.0,3200.0,0.098,1,Not Repaid,0.0,Grant,0,0,0
640,83500.0,755.0,4000.0,0.07490000000000001,0,Fully Repaid,0.0,Grant,0,0,0
641,145000.0,670.0,18000.0,0.18489999999999998,0,Fully Repaid,0.0,Grant,0,0,0
642,45000.0,690.0,18000.0,0.0791,0,Fully Repaid,0.0,Grant,0,0,0
643,40000.0,670.0,15000.0,0.10779999999999999,0,Fully Repaid,0.0,Grant,0,0,0
644,70000.0,705.0,16000.0,0.1577,0,Not Repaid,0.0,Grant,0,0,0
645,105000.0,680.0,25000.0,0.1797,0,Fully Repaid,0.0,Grant,0,0,0
646,41500.0,675.0,6000.0,0.098,0,Fully Repaid,0.0,Grant,0,0,0
647,134000.0,725.0,35000.0,0.10779999999999999,0,Fully Repaid,0.0,Grant,0,0,0
648,50000.0,660.0,12000.0,0.1399,1,Fully Repaid,0.0,Grant,0,0,0
649,52000.0,755.0,5000.0,0.0917,0,Fully Repaid,0.0,Grant,0,0,0
650,52000.0,765.0,6000.0,0.053200000000000004,0,Fully Repaid,0.0,Grant,0,0,0
651,50000.0,670.0,2500.0,0.1727,0,Fully Repaid,0.0,Grant,0,0,0
652,106000.0,735.0,20000.0,0.053200000000000004,0,Fully Repaid,0.0,Grant,0,0,0
653,200000.0,710.0,24000.0,0.053200000000000004,0,Fully Repaid,0.0,Grant,0,0,0
654,47000.0,675.0,9000.0,0.0849,0,Fully Repaid,0.0,Grant,0,0,0
655,65000.0,675.0,16000.0,0.1288,0,Not Repaid,0.0,Grant,0,0,0
656,55000.0,665.0,22000.0,0.1797,1,Fully Repaid,0.0,Grant,0,0,0
657,135000.0,715.0,25000.0,0.0849,0,Fully Repaid,0.0,Grant,0,0,0
658,173000.0,700.0,35000.0,0.098,0,Fully Repaid,0.0,Grant,0,0,0
659,127000.0,725.0,25000.0,0.0699,0,Fully Repaid,0.0,Grant,0,0,0
660,35000.0,660.0,2000.0,0.1199,1,Fully Repaid,0.0,Grant,0,0,0
661,55000.0,675.0,5000.0,0.10779999999999999,0,Fully Repaid,0.0,Grant,0,0,0
662,128000.0,685.0,35000.0,0.1199,0,Fully Repaid,0.0,Grant,0,0,0
663,33000.0,710.0,10000.0,0.1148,0,Fully Repaid,0.0,Grant,0,0,0
664,85000.0,745.0,15000.0,0.053200000000000004,0,Fully Repaid,0.0,Grant,0,0,0
665,150000.0,795.0,25000.0,0.053200000000000004,0,Fully Repaid,0.0,Grant,0,0,0
666,55000.0,740.0,20000.0,0.10779999999999999,0,Fully Repaid,0.0,Grant,0,0,0
667,57000.0,690.0,9900.0,0.0917,0,Fully Repaid,0.0,Grant,0,0,0
668,80000.0,705.0,21000.0,0.0917,0,Fully Repaid,0.0,Grant,0,0,0
669,120000.0,660.0,6000.0,0.1727,1,Fully Repaid,0.0,Grant,0,0,0
670,60000.0,685.0,5000.0,0.1288,0,Fully Repaid,0.0,Grant,0,0,0
671,31500.0,750.0,8000.0,0.053200000000000004,0,Fully Repaid,0.0,Grant,0,0,0
672,47000.0,680.0,16925.0,0.2148,0,Not Repaid,0.0,Grant,0,0,0
673,75000.0,685.0,3000.0,0.0649,0,Fully Repaid,0.0,Grant,0,0,0
674,135000.0,705.0,20000.0,0.053200000000000004,0,Fully Repaid,0.0,Grant,0,0,0
675,110000.0,690.0,20000.0,0.1485,0,Fully Repaid,0.0,Grant,0,0,0
676,19000.0,665.0,5000.0,0.1659,1,Fully Repaid,0.0,Grant,0,0,0
677,80000.0,690.0,35000.0,0.1727,0,Fully Repaid,0.0,Grant,0,0,0
678,165000.0,710.0,35000.0,0.0791,0,Fully Repaid,0.0,Grant,0,0,0
679,14688.0,670.0,4600.0,0.1199,1,Fully Repaid,0.0,Grant,0,0,0
680,57000.0,690.0,6000.0,0.10779999999999999,0,Fully Repaid,0.0,Grant,0,0,0
681,72000.0,690.0,6000.0,0.053200000000000004,0,Fully Repaid,0.0,Grant,0,0,0
682,118000.0,745.0,12000.0,0.053200000000000004,0,Fully Repaid,0.0,Grant,0,0,0
683,160000.0,660.0,5200.0,0.10779999999999999,1,Fully Repaid,0.0,Grant,0,0,0
684,73000.0,680.0,12600.0,0.0699,0,Fully Repaid,0.0,Grant,0,0,0
685,25000.0,700.0,5725.0,0.0699,1,Fully Repaid,0.0,Grant,0,0,0
686,59307.0,690.0,10000.0,0.0917,0,Fully Repaid,0.0,Grant,0,0,0
687,60000.0,740.0,18000.0,0.07490000000000001,0,Fully Repaid,0.0,Grant,0,0,0
688,90000.0,740.0,35000.0,0.1399,0,Fully Repaid,0.0,Grant,0,0,0
689,120000.0,740.0,21600.0,0.0699,0,Fully Repaid,0.0,Grant,0,0,0
690,95000.0,710.0,20000.0,0.098,0,Fully Repaid,0.0,Grant,0,0,0
691,105000.0,685.0,3000.0,0.1148,0,Fully Repaid,0.0,Grant,0,0,0
692,114400.0,695.0,2800.0,0.1727,0,Fully Repaid,0.0,Grant,0,0,0
693,52500.0,695.0,15000.0,0.098,0,Fully Repaid,0.0,Grant,0,0,0
694,50740.0,670.0,3000.0,0.1344,0,Fully Repaid,0.0,Grant,0,0,0
695,110000.0,665.0,23200.0,0.0917,1,Fully Repaid,0.0,Grant,0,0,0
696,120000.0,775.0,8000.0,0.0649,0,Fully Repaid,0.0,Grant,0,0,0
697,56457.0,680.0,24000.0,0.1148,0,Fully Repaid,0.0,Grant,0,0,0
698,55000.0,665.0,20900.0,0.18489999999999998,1,Fully Repaid,0.0,Grant,0,0,0
699,60000.0,695.0,4000.0,0.1577,0,Fully Repaid,0.0,Grant,0,0,0
700,71665.0,715.0,20000.0,0.053200000000000004,0,Fully Repaid,0.0,Grant,0,0,0
701,50000.0,770.0,12000.0,0.053200000000000004,0,Fully Repaid,0.0,Grant,0,0,0
702,75000.0,700.0,10000.0,0.098,0,Fully Repaid,0.0,Grant,0,0,0
703,105000.0,700.0,20000.0,0.07490000000000001,0,Fully Repaid,0.0,Grant,0,0,0
704,70000.0,725.0,9100.0,0.0917,0,Fully Repaid,0.0,Grant,0,0,0
705,99000.0,745.0,25000.0,0.053200000000000004,0,Fully Repaid,0.0,Grant,0,0,0
706,90000.0,705.0,9600.0,0.0917,0,Fully Repaid,0.0,Grant,0,0,0
707,110000.0,770.0,22000.0,0.053200000000000004,0,Fully Repaid,0.0,Grant,0,0,0
708,53000.0,670.0,8000.0,0.10779999999999999,0,Fully Repaid,0.0,Grant,0,0,0
709,67879.0,730.0,15000.0,0.07490000000000001,0,Fully Repaid,0.0,Grant,0,0,0
710,110000.0,675.0,9000.0,0.1288,0,Fully Repaid,0.0,Grant,0,0,0
711,170000.0,745.0,15000.0,0.0791,0,Fully Repaid,0.0,Grant,0,0,0
712,111000.0,715.0,28000.0,0.0791,0,Fully Repaid,0.0,Grant,0,0,0
713,47140.0,695.0,12000.0,0.1148,0,Fully Repaid,0.0,Grant,0,0,0
714,86564.0,660.0,2000.0,0.1288,1,Fully Repaid,0.0,Grant,0,0,0
715,139000.0,660.0,30000.0,0.1288,1,Fully Repaid,0.0,Grant,0,0,0
716,125000.0,720.0,35000.0,0.07490000000000001,0,Fully Repaid,0.0,Grant,0,0,0
717,145000.0,710.0,35000.0,0.0791,0,Fully Repaid,0.0,Grant,0,0,0
718,39696.0,665.0,18250.0,0.1148,1,Fully Repaid,0.0,Grant,0,0,0
719,82000.0,700.0,28000.0,0.0649,0,Fully Repaid,0.0,Grant,0,0,0
720,54000.0,665.0,1400.0,0.1659,1,Fully Repaid,0.0,Grant,0,0,0
721,80000.0,685.0,10000.0,0.053200000000000004,0,Fully Repaid,0.0,Grant,0,0,0
722,48000.0,735.0,24000.0,0.07490000000000001,0,Fully Repaid,0.0,Grant,0,0,0
723,39000.0,765.0,3600.0,0.10779999999999999,0,Fully Repaid,0.0,Grant,0,0,0
724,68500.0,675.0,5000.0,0.1199,0,Fully Repaid,0.0,Grant,0,0,0
725,60000.0,720.0,19200.0,0.053200000000000004,0,Fully Repaid,0.0,Grant,0,0,0
726,75000.0,665.0,11000.0,0.1148,1,Fully Repaid,0.0,Grant,0,0,0
727,55500.0,660.0,9650.0,0.1288,1,Fully Repaid,0.0,Grant,0,0,0
728,40000.0,660.0,4325.0,0.098,1,Fully Repaid,0.0,Grant,0,0,0
729,125000.0,715.0,25000.0,0.053200000000000004,0,Fully Repaid,0.0,Grant,0,0,0
730,55000.0,720.0,3600.0,0.1148,0,Fully Repaid,0.0,Grant,0,0,0
731,120000.0,745.0,13475.0,0.0791,0,Fully Repaid,0.0,Grant,0,0,0
732,50000.0,660.0,20000.0,0.1288,1,Fully Repaid,0.0,Grant,0,0,0
733,100000.0,675.0,7000.0,0.0849,0,Fully Repaid,0.0,Grant,0,0,0
734,185000.0,705.0,25000.0,0.1148,0,Fully Repaid,0.0,Grant,0,0,0
735,41000.0,770.0,5400.0,0.053200000000000004,0,Fully Repaid,0.0,Grant,0,0,0
736,33888.0,660.0,11500.0,0.1948,1,Fully Repaid,0.0,Grant,0,0,0
737,40000.0,740.0,9100.0,0.0791,0,Fully Repaid,0.0,Grant,0,0,0
738,50000.0,685.0,16100.0,0.1727,0,Fully Repaid,0.0,Grant,0,0,0
739,55000.0,675.0,3600.0,0.1399,0,Fully Repaid,0.0,Grant,0,0,0
740,35500.0,700.0,8500.0,0.0917,0,Fully Repaid,0.0,Grant,0,0,0
741,100000.0,745.0,12000.0,0.0917,0,Fully Repaid,0.0,Grant,0,0,0
742,56000.0,680.0,3500.0,0.0649,0,Fully Repaid,0.0,Grant,0,0,0
743,50000.0,690.0,19200.0,0.053200000000000004,0,Fully Repaid,0.0,Grant,0,0,0
744,35037.0,760.0,2000.0,0.0649,0,Fully Repaid,0.0,Grant,0,0,0
745,23200.0,675.0,8000.0,0.1199,1,Fully Repaid,0.0,Grant,0,0,0
746,55000.0,735.0,7000.0,0.1288,0,Fully Repaid,0.0,Grant,0,0,0
747,98000.0,685.0,35000.0,0.1727,0,Fully Repaid,0.0,Grant,0,0,0
748,50000.0,705.0,20000.0,0.1727,0,Fully Repaid,0.0,Grant,0,0,0
749,83000.0,700.0,35000.0,0.1659,0,Fully Repaid,0.0,Grant,0,0,0
750,40000.0,670.0,14000.0,0.1344,0,Fully Repaid,0.0,Grant,0,0,0
751,70000.0,685.0,11200.0,0.0849,0,Fully Repaid,0.0,Grant,0,0,0
752,65000.0,700.0,3700.0,0.1288,0,Fully Repaid,0.0,Grant,0,0,0
753,98000.0,690.0,35000.0,0.1288,0,Fully Repaid,0.0,Grant,0,0,0
754,70000.0,690.0,18000.0,0.07490000000000001,0,Fully Repaid,0.0,Grant,0,0,0
755,92500.0,670.0,12000.0,0.1485,0,Fully Repaid,0.0,Grant,0,0,0
756,32760.0,675.0,12700.0,0.1797,0,Fully Repaid,0.0,Grant,0,0,0
757,83000.0,700.0,18000.0,0.07490000000000001,0,Fully Repaid,0.0,Grant,0,0,0
758,48112.0,685.0,15000.0,0.0917,0,Fully Repaid,0.0,Grant,0,0,0
759,81000.0,800.0,15000.0,0.053200000000000004,0,Fully Repaid,0.0,Grant,0,0,0
760,168400.0,715.0,10500.0,0.0849,0,Fully Repaid,0.0,Grant,0,0,0
761,72000.0,690.0,10000.0,0.053200000000000004,0,Fully Repaid,0.0,Grant,0,0,0
762,31200.0,685.0,9975.0,0.23129999999999998,0,Fully Repaid,0.0,Grant,0,0,0
763,110000.0,670.0,5000.0,0.1344,0,Fully Repaid,0.0,Grant,0,0,0
764,76000.0,735.0,22800.0,0.053200000000000004,0,Fully Repaid,0.0,Grant,0,0,0
765,45000.0,725.0,3500.0,0.098,0,Fully Repaid,0.0,Grant,0,0,0
766,33000.0,800.0,11000.0,0.07490000000000001,0,Fully Repaid,0.0,Grant,0,0,0
767,88000.0,660.0,4700.0,0.1399,1,Fully Repaid,0.0,Grant,0,0,0
768,120000.0,745.0,25000.0,0.0649,0,Fully Repaid,0.0,Grant,0,0,0
769,42240.0,685.0,11000.0,0.1485,0,Fully Repaid,0.0,Grant,0,0,0
770,35000.0,705.0,16000.0,0.0849,0,Fully Repaid,0.0,Grant,0,0,0
771,55000.0,700.0,5000.0,0.0649,0,Fully Repaid,0.0,Grant,0,0,0
772,75600.0,685.0,2000.0,0.1344,0,Fully Repaid,0.0,Grant,0,0,0
773,80000.0,670.0,10000.0,0.1344,0,Fully Repaid,0.0,Grant,0,0,0
774,48000.0,680.0,15000.0,0.0917,0,Fully Repaid,0.0,Grant,0,0,0
775,72000.0,680.0,10000.0,0.1148,0,Fully Repaid,0.0,Grant,0,0,0
776,34000.0,720.0,10000.0,0.1344,0,Fully Repaid,0.0,Grant,0,0,0
777,41000.0,670.0,6425.0,0.1577,0,Fully Repaid,0.0,Grant,0,0,0
778,34000.0,660.0,3600.0,0.1399,1,Fully Repaid,0.0,Grant,0,0,0
779,65000.0,735.0,20000.0,0.1288,0,Fully Repaid,0.0,Grant,0,0,0
780,55000.0,670.0,20000.0,0.10779999999999999,0,Fully Repaid,0.0,Grant,0,0,0
781,16488.0,770.0,2500.0,0.1148,1,Fully Repaid,0.0,Grant,0,0,0
782,132000.0,745.0,25000.0,0.07490000000000001,0,Fully Repaid,0.0,Grant,0,0,0
783,42000.0,705.0,8000.0,0.1399,0,Fully Repaid,0.0,Grant,0,0,0
784,54000.0,690.0,21600.0,0.1344,0,Fully Repaid,0.0,Grant,0,0,0
785,75000.0,660.0,24000.0,0.0917,1,Fully Repaid,0.0,Grant,0,0,0
786,105000.0,685.0,6000.0,0.0791,0,Fully Repaid,0.0,Grant,0,0,0
787,100000.0,685.0,14000.0,0.098,0,Fully Repaid,0.0,Grant,0,0,0
788,45000.0,790.0,8000.0,0.0699,0,Fully Repaid,0.0,Grant,0,0,0
789,55000.0,750.0,20000.0,0.0649,0,Fully Repaid,0.0,Grant,0,0,0
790,32000.0,685.0,5000.0,0.0791,0,Fully Repaid,0.0,Grant,0,0,0
791,102500.0,700.0,4200.0,0.1344,0,Fully Repaid,0.0,Grant,0,0,0
792,40100.0,680.0,10000.0,0.0791,0,Fully Repaid,0.0,Grant,0,0,0
793,69000.0,680.0,11000.0,0.0917,0,Fully Repaid,0.0,Grant,0,0,0
794,44000.0,685.0,15000.0,0.053200000000000004,0,Fully Repaid,0.0,Grant,0,0,0
795,100000.0,695.0,6000.0,0.07490000000000001,0,Fully Repaid,0.0,Grant,0,0,0
796,79000.0,665.0,5000.0,0.1344,1,Fully Repaid,0.0,Grant,0,0,0
797,50000.0,800.0,9000.0,0.0917,0,Fully Repaid,0.0,Grant,0,0,0
798,99906.0,660.0,16000.0,0.098,1,Fully Repaid,0.0,Grant,0,0,0
799,43000.0,675.0,16000.0,0.1485,0,Fully Repaid,0.0,Grant,0,0,0
800,57000.0,740.0,8000.0,0.07490000000000001,0,Fully Repaid,0.0,Grant,0,0,0
801,30000.0,730.0,8400.0,0.07490000000000001,0,Fully Repaid,0.0,Grant,0,0,0
802,40000.0,665.0,10000.0,0.1199,1,Fully Repaid,0.0,Grant,0,0,0
803,114000.0,670.0,4475.0,0.1659,0,Fully Repaid,0.0,Grant,0,0,0
804,13000.0,675.0,4675.0,0.1727,1,Fully Repaid,0.0,Grant,0,0,0
805,120000.0,710.0,18000.0,0.0699,0,Fully Repaid,0.0,Grant,0,0,0
806,81000.0,725.0,30000.0,0.1344,0,Fully Repaid,0.0,Grant,0,0,0
807,54000.0,700.0,10000.0,0.0699,0,Fully Repaid,0.0,Grant,0,0,0
808,48000.0,760.0,6000.0,0.0699,0,Fully Repaid,0.0,Grant,0,0,0
809,90000.0,730.0,4325.0,0.1199,0,Fully Repaid,0.0,Grant,0,0,0
810,100000.0,665.0,35000.0,0.1399,1,Fully Repaid,0.0,Grant,0,0,0
811,39500.0,725.0,12000.0,0.098,0,Fully Repaid,0.0,Grant,0,0,0
812,105000.0,665.0,3500.0,0.1399,1,Fully Repaid,0.0,Grant,0,0,0
813,140000.0,670.0,16000.0,0.0849,0,Fully Repaid,0.0,Grant,0,0,0
814,210000.0,690.0,24000.0,0.0917,0,Fully Repaid,0.0,Grant,0,0,0
815,100000.0,675.0,24000.0,0.0791,0,Fully Repaid,0.0,Grant,0,0,0
816,95000.0,675.0,24000.0,0.1148,0,Fully Repaid,0.0,Grant,0,0,0
817,85000.0,730.0,19500.0,0.07490000000000001,0,Fully Repaid,0.0,Grant,0,0,0
818,60000.0,700.0,28800.0,0.1288,0,Fully Repaid,0.0,Grant,0,0,0
819,175000.0,690.0,14000.0,0.098,0,Fully Repaid,0.0,Grant,0,0,0
820,60000.0,675.0,15000.0,0.1288,0,Fully Repaid,0.0,Grant,0,0,0
821,124596.0,685.0,14000.0,0.1659,0,Fully Repaid,0.0,Grant,0,0,0
822,34000.0,675.0,11900.0,0.1797,0,Fully Repaid,0.0,Grant,0,0,0
823,31200.0,685.0,12000.0,0.098,0,Fully Repaid,0.0,Grant,0,0,0
824,67000.0,700.0,5000.0,0.0791,0,Fully Repaid,0.0,Grant,0,0,0
825,130000.0,720.0,30000.0,0.07490000000000001,0,Fully Repaid,0.0,Grant,0,0,0
826,240000.0,660.0,35000.0,0.1288,1,Fully Repaid,0.0,Grant,0,0,0
827,60000.0,705.0,5000.0,0.1199,0,Fully Repaid,0.0,Grant,0,0,0
828,52000.0,685.0,21150.0,0.1577,0,Fully Repaid,0.0,Grant,0,0,0
829,185000.0,685.0,20000.0,0.1148,0,Fully Repaid,0.0,Grant,0,0,0
830,125000.0,670.0,11000.0,0.0849,0,Fully Repaid,0.0,Grant,0,0,0
831,65000.0,670.0,20000.0,0.1288,0,Fully Repaid,0.0,Grant,0,0,0
832,38000.0,695.0,5000.0,0.0791,0,Fully Repaid,0.0,Grant,0,0,0
833,85000.0,670.0,25000.0,0.1399,0,Fully Repaid,0.0,Grant,0,0,0
834,72701.0,670.0,8400.0,0.098,0,Fully Repaid,0.0,Grant,0,0,0
835,37534.44,680.0,15000.0,0.1485,0,Fully Repaid,0.0,Grant,0,0,0
836,63000.0,675.0,18000.0,0.1399,0,Fully Repaid,0.0,Grant,0,0,0
837,139000.0,705.0,20000.0,0.053200000000000004,0,Fully Repaid,0.0,Grant,0,0,0
838,50000.0,735.0,2400.0,0.07490000000000001,0,Fully Repaid,0.0,Grant,0,0,0
839,119945.0,660.0,2000.0,0.1344,1,Fully Repaid,0.0,Grant,0,0,0
840,48000.0,690.0,5000.0,0.1288,0,Fully Repaid,0.0,Grant,0,0,0
841,120000.0,685.0,20000.0,0.0699,0,Fully Repaid,0.0,Grant,0,0,0
842,35000.0,750.0,12000.0,0.1199,0,Fully Repaid,0.0,Grant,0,0,0
843,35000.0,705.0,10000.0,0.0849,0,Fully Repaid,0.0,Grant,0,0,0
844,22000.0,665.0,2950.0,0.1199,1,Fully Repaid,0.0,Grant,0,0,0
845,38000.0,660.0,8000.0,0.10779999999999999,1,Fully Repaid,0.0,Grant,0,0,0
846,35000.0,675.0,1450.0,0.0917,0,Fully Repaid,0.0,Grant,0,0,0
847,29000.0,755.0,2500.0,0.0791,1,Fully Repaid,0.0,Grant,0,0,0
848,124000.0,675.0,30000.0,0.1485,0,Fully Repaid,0.0,Grant,0,0,0
849,65000.0,685.0,8000.0,0.0917,0,Fully Repaid,0.0,Grant,0,0,0
850,160000.0,710.0,28000.0,0.0791,0,Fully Repaid,0.0,Grant,0,0,0
851,75000.0,660.0,14000.0,0.1989,1,Fully Repaid,0.0,Grant,0,0,0
852,47000.0,715.0,14400.0,0.0849,0,Fully Repaid,0.0,Grant,0,0,0
853,75000.0,665.0,3000.0,0.1148,1,Fully Repaid,0.0,Grant,0,0,0
854,110000.0,675.0,12000.0,0.1148,0,Fully Repaid,0.0,Grant,0,0,0
855,96000.0,675.0,22400.0,0.1485,0,Fully Repaid,0.0,Grant,0,0,0
856,65000.0,720.0,15000.0,0.10779999999999999,0,Fully Repaid,0.0,Grant,0,0,0
857,63000.0,685.0,21000.0,0.1199,0,Fully Repaid,0.0,Grant,0,0,0
858,106000.0,705.0,20000.0,0.07490000000000001,0,Fully Repaid,0.0,Grant,0,0,0
859,70000.0,685.0,3600.0,0.1577,0,Fully Repaid,0.0,Grant,0,0,0
860,92892.0,735.0,34100.0,0.1288,0,Fully Repaid,0.0,Grant,0,0,0
861,94000.0,685.0,30000.0,0.1659,0,Fully Repaid,0.0,Grant,0,0,0
862,141934.0,710.0,5000.0,0.0849,0,Not Repaid,0.0,Grant,0,0,0
863,70000.0,670.0,30000.0,0.10779999999999999,0,Not Repaid,0.0,Grant,0,0,0
864,100000.0,735.0,20000.0,0.07490000000000001,0,Fully Repaid,0.0,Grant,0,0,0
865,103000.0,680.0,12000.0,0.098,0,Fully Repaid,0.0,Grant,0,0,0
866,54000.0,715.0,16000.0,0.1727,0,Fully Repaid,0.0,Grant,0,0,0
867,126500.0,680.0,9500.0,0.0649,0,Fully Repaid,0.0,Grant,0,0,0
868,35000.0,705.0,10000.0,0.0917,0,Fully Repaid,0.0,Grant,0,0,0
869,20000.0,715.0,6000.0,0.0917,1,Fully Repaid,0.0,Grant,0,0,0
870,67000.0,670.0,5000.0,0.1485,0,Fully Repaid,0.0,Grant,0,0,0
871,72000.0,685.0,33100.0,0.24239999999999998,0,Not Repaid,0.0,Grant,0,0,0
872,145000.0,695.0,20000.0,0.1288,0,Fully Repaid,0.0,Grant,0,0,0
873,120000.0,755.0,31500.0,0.1199,0,Fully Repaid,0.0,Grant,0,0,0
